,Model,Accuracy
0,Naive Bayes,0.9102861562258314
1,Tree Classifier,0.9474091260634184
2,Linear Regression,0.5699922660479505
3,Neuronal Model,0.9837587006960556
